Scenario,Size,ANDOps
best,8,8
worst,8,64
best,16,16
worst,16,256
best,32,32
worst,32,1024
best,64,64
worst,64,4096
best,128,128
worst,128,16384
best,256,256
worst,256,65536
best,512,512
worst,512,262144
best,1024,1024
worst,1024,1048576
best,2048,2048
worst,2048,4194304
best,4096,4096
worst,4096,16777216
intermediate,8,16
intermediate,8,8
intermediate,8,64
intermediate,8,36
intermediate,16,64
intermediate,16,16
intermediate,16,256
intermediate,16,136
intermediate,32,256
intermediate,32,32
intermediate,32,1024
intermediate,32,528
intermediate,64,1024
intermediate,64,64
intermediate,64,4096
intermediate,64,2080
intermediate,128,4096
intermediate,128,128
intermediate,128,16384
intermediate,128,8256
intermediate,256,16384
intermediate,256,256
intermediate,256,65536
intermediate,256,32896
intermediate,512,65536
intermediate,512,512
intermediate,512,262144
intermediate,512,131328
intermediate,1024,262144
intermediate,1024,1024
intermediate,1024,1048576
intermediate,1024,524800
intermediate,2048,1048576
intermediate,2048,2048
intermediate,2048,4194304
intermediate,2048,2098176
intermediate,4096,4194304
intermediate,4096,4096
intermediate,4096,16777216
intermediate,4096,8390656
